	Predicted
GSM1009660	30
GSM1009661	25
GSM1009662	65
GSM1009663	23
GSM1009664	32
GSM1009665	29
GSM1009666	19
GSM1009667	23
GSM1009668	25
GSM1009669	16
GSM1009670	24
GSM1009671	35
GSM1009672	34
GSM1009673	61
GSM1009674	55
GSM1009675	23
GSM1009676	27
GSM1009677	42
GSM1009678	25
GSM1009679	45
GSM1009680	34
GSM1009681	32
GSM1009682	30
GSM1009683	33
GSM1009684	44
GSM1009685	31
GSM1009686	37
GSM1009687	28
GSM1009688	28
GSM1009689	29
GSM1009690	44
GSM1009691	29
GSM1009692	33
GSM1009693	20
GSM1009694	33
GSM1009695	26
GSM1009696	21
GSM1009697	41
GSM1009698	36
GSM1009699	54
GSM1009700	37
GSM1009701	20
GSM1009702	61
GSM1009703	17
GSM1009704	40
GSM1009705	30
GSM1009706	29
GSM1009707	21
GSM1009708	16
GSM1009709	43
GSM1009710	30
GSM1009711	34
GSM1009712	45
GSM1009713	36
GSM1009714	26
GSM1009715	35
GSM1009716	51
GSM1009717	37
GSM1009718	47
GSM1009719	39
GSM1009720	39
GSM1009721	21
GSM1009722	35
GSM1009723	17
GSM1009724	15
GSM1009725	33
GSM1009726	45
GSM1009727	35
GSM1009728	29
GSM1009729	51
GSM1009730	41
GSM1009731	22
GSM1009732	47
GSM1009733	28
GSM1009734	52
GSM1009735	25
GSM1009736	23
GSM1009737	26
GSM1009738	20
GSM1009739	26
GSM1009740	32
GSM1009741	26
GSM1009742	30
GSM1009743	27
GSM1009744	19
GSM1009745	33
GSM1009746	24
GSM1009747	8
GSM1009748	21
GSM1009749	27
GSM1009890	26
GSM1009891	33
GSM1009892	29
GSM1009893	30
GSM1009894	23
GSM989827	52
GSM989828	75
GSM989829	63
GSM989830	54
GSM989831	63
GSM989832	77
GSM989833	69
GSM989834	65
GSM989835	66
GSM989836	79
GSM989837	74
GSM989838	51
GSM989839	77
GSM989840	52
GSM989841	64
GSM989842	67
GSM989843	71
GSM989844	70
GSM989845	88
GSM989846	58
GSM989847	74
GSM989848	62
GSM989849	90
GSM989850	81
GSM989851	68
GSM989852	75
GSM989853	73
GSM989854	50
GSM989855	70
GSM989856	69
GSM989857	75
GSM989858	79
GSM989859	74
GSM989860	72
GSM989861	81
GSM989862	57
GSM989863	84
GSM989864	77
GSM989865	74
GSM989866	73
GSM989867	79
GSM989868	74
GSM989869	67
GSM989870	77
GSM989871	78
GSM989872	70
GSM989873	77
GSM989874	63
GSM989875	69
GSM989876	60
GSM989877	71
GSM989878	61
GSM989879	73
GSM989880	61
GSM989881	66
GSM989882	80
GSM989883	65
GSM989884	76
GSM989885	48
GSM989886	57
GSM989887	71
GSM989888	77
GSM989889	57
GSM989890	86
GSM989891	66
GSM989892	63
GSM989893	74
GSM989894	63
GSM989895	70
GSM989896	50
GSM989897	69
GSM989898	74
GSM989899	67
GSM989900	75
GSM989901	75
GSM989902	73
GSM989903	66
GSM989904	79
GSM989905	76
GSM989906	59
GSM989907	73
GSM989908	69
GSM989909	65
GSM989910	79
GSM989911	79
GSM989912	60
GSM989913	71
GSM989914	66
GSM989915	77
GSM989916	75
GSM989917	50
GSM989918	68
GSM989919	65
GSM989920	69
GSM989921	76
GSM989922	71
GSM989923	95
GSM989924	59
GSM989925	58
GSM989926	65
GSM989927	67
GSM989928	79
GSM989929	73
GSM989930	52
GSM989931	70
GSM989932	74
GSM989933	84
GSM989934	75
GSM989935	55
GSM989936	53
GSM989937	57
GSM989938	60
GSM989939	67
GSM989940	53
GSM989941	74
GSM989942	71
GSM989943	58
GSM989944	70
GSM989945	59
GSM989946	58
GSM989947	58
GSM989948	46
GSM989949	66
GSM989950	64
GSM989951	72
GSM989952	63
GSM989953	70
GSM989954	69
GSM989955	56
GSM989956	81
GSM989957	76
GSM989958	58
GSM989959	60
GSM989960	72
GSM989961	68
GSM989962	64
GSM989963	65
GSM989964	71
GSM989965	50
GSM989966	55
GSM989967	70
GSM989968	57
GSM989969	77
GSM989970	68
GSM989971	62
GSM989972	56
GSM989973	58
GSM989974	68
GSM989975	43
GSM989976	52
GSM989977	54
GSM989978	57
GSM989979	59
GSM989980	41
GSM989981	60
GSM989982	51
GSM989983	42
GSM989984	56
GSM989985	63
GSM989986	59
GSM989987	34
GSM989988	75
GSM989989	65
GSM989990	53
GSM989991	52
GSM989992	34
GSM989993	52
GSM989994	48
GSM989995	51
GSM989996	36
GSM989997	38
GSM989998	40
GSM989999	54
GSM990000	81
GSM990001	83
GSM990002	66
GSM990003	65
GSM990004	66
GSM990005	80
GSM990006	73
GSM990007	69
GSM990008	67
GSM990009	61
GSM990010	74
GSM990011	65
GSM990012	67
GSM990013	70
GSM990014	65
GSM990015	77
GSM990016	69
GSM990017	73
GSM990018	78
GSM990019	68
GSM990020	83
GSM990021	76
GSM990022	72
GSM990023	77
GSM990024	68
GSM990025	61
GSM990026	78
GSM990027	85
GSM990028	72
GSM990029	72
GSM990030	67
GSM990031	53
GSM990032	73
GSM990033	84
GSM990034	71
GSM990035	67
GSM990036	77
GSM990037	56
GSM990038	81
GSM990039	72
GSM990040	70
GSM990041	65
GSM990042	67
GSM990043	70
GSM990044	77
GSM990045	71
GSM990046	71
GSM990047	72
GSM990048	65
GSM990049	71
GSM990050	65
GSM990051	70
GSM990052	71
GSM990053	57
GSM990054	74
GSM990055	72
GSM990056	67
GSM990057	57
GSM990058	68
GSM990059	73
GSM990060	71
GSM990061	73
GSM990062	67
GSM990063	86
GSM990064	80
GSM990065	75
GSM990066	75
GSM990067	60
GSM990068	62
GSM990069	78
GSM990070	49
GSM990071	47
GSM990072	49
GSM990073	61
GSM990074	57
GSM990075	53
GSM990076	58
GSM990077	40
GSM990078	50
GSM990079	47
GSM990080	50
GSM990081	61
GSM990082	74
GSM990083	55
GSM990084	59
GSM990085	50
GSM990086	52
GSM990087	68
GSM990088	51
GSM990089	65
GSM990090	56
GSM990091	47
GSM990092	49
GSM990093	57
GSM990094	58
GSM990095	58
GSM990096	50
GSM990097	37
GSM990098	61
GSM990099	67
GSM990100	53
GSM990101	45
GSM990102	42
GSM990103	45
GSM990104	62
GSM990105	52
GSM990106	66
GSM990107	51
GSM990108	42
GSM990109	50
GSM990110	68
GSM990111	58
GSM990112	55
GSM990113	60
GSM990114	55
GSM990115	40
GSM990116	56
GSM990117	64
GSM990118	50
GSM990119	56
GSM990120	42
GSM990121	61
GSM990122	58
GSM990268	51
GSM990269	47
GSM990270	56
GSM990271	51
GSM990272	58
GSM990273	62
GSM990274	55
GSM990275	59
GSM990276	66
GSM990277	39
GSM990278	49
GSM990279	51
GSM990280	57
GSM990281	50
GSM990282	51
GSM990283	46
GSM990284	64
GSM990285	49
GSM990286	52
GSM990287	53
GSM990288	46
GSM990289	43
GSM990290	56
GSM990291	51
GSM990292	34
GSM990293	58
GSM990294	55
GSM990295	47
GSM990296	53
GSM990297	58
GSM990298	63
GSM990299	41
GSM990300	55
GSM990301	57
GSM990302	60
GSM990303	54
GSM990304	60
GSM990305	56
GSM990306	60
GSM990307	59
GSM990308	69
GSM990309	52
GSM990310	66
GSM990311	55
GSM990312	56
GSM990313	50
GSM990314	54
GSM990315	58
GSM990316	61
GSM990317	60
GSM990318	55
GSM990319	52
GSM990320	63
GSM990321	60
GSM990322	67
GSM990323	47
GSM990324	31
GSM990325	45
GSM990326	53
GSM990327	39
GSM990328	71
GSM990329	49
GSM990330	50
GSM990331	44
GSM990332	54
GSM990333	53
GSM990334	58
GSM990335	60
GSM990336	61
GSM990337	59
GSM990338	55
GSM990339	50
GSM990340	51
GSM990341	47
GSM990342	53
GSM990343	52
GSM990344	58
GSM990345	60
GSM990346	42
GSM990347	59
GSM990348	73
GSM990349	44
GSM990350	46
GSM990351	41
GSM990352	57
GSM990353	53
GSM990354	47
GSM990355	40
GSM990356	53
GSM990357	55
GSM990358	67
GSM990359	58
GSM990360	54
GSM990361	57
GSM990362	51
GSM990363	61
GSM990364	58
GSM990365	57
GSM990366	61
GSM990367	45
GSM990368	52
GSM990369	41
GSM990370	62
GSM990371	54
GSM990372	57
GSM990373	39
GSM990374	57
GSM990375	26
GSM990376	58
GSM990377	61
GSM990378	64
GSM990379	58
GSM990380	55
GSM990381	50
GSM990382	52
GSM990383	58
GSM990384	50
GSM990385	57
GSM990386	52
GSM990387	57
GSM990388	59
GSM990389	60
GSM990390	54
GSM990391	41
GSM990392	54
GSM990393	48
GSM990394	54
GSM990395	41
GSM990396	46
GSM990397	71
GSM990398	70
GSM990399	78
GSM990400	68
GSM990401	59
GSM990402	70
GSM990403	71
GSM990404	51
GSM990405	65
GSM990406	67
GSM990407	67
GSM990408	64
GSM990409	67
GSM990410	66
GSM990411	60
GSM990412	75
GSM990413	52
GSM990414	53
GSM990415	60
GSM990416	55
GSM990417	52
GSM990418	65
GSM990419	56
GSM990420	59
GSM990421	88
GSM990422	65
GSM990423	72
GSM990424	70
GSM990425	64
GSM990426	61
GSM990427	90
GSM990428	66
GSM990429	80
GSM990430	51
GSM990431	74
GSM990432	73
GSM990433	45
GSM990434	81
GSM990435	56
GSM990436	63
GSM990437	51
GSM990438	50
GSM990439	53
GSM990440	62
GSM990441	59
GSM990442	62
GSM990443	73
GSM990444	53
GSM990445	74
GSM990446	55
GSM990447	66
GSM990448	50
GSM990449	64
GSM990450	48
GSM990451	50
GSM990452	93
GSM990453	64
GSM990454	78
GSM990455	42
GSM990456	62
GSM990457	76
GSM990458	48
GSM990459	67
GSM990460	70
GSM990461	54
GSM990462	76
GSM990463	76
GSM990464	51
GSM990465	65
GSM990466	73
GSM990467	73
GSM990468	68
GSM990469	68
GSM990470	69
GSM990471	73
GSM990472	49
GSM990473	58
GSM990474	47
GSM990475	71
GSM990476	46
GSM990477	69
GSM990478	61
GSM990479	46
GSM990480	36
GSM990481	66
GSM990482	67
GSM990483	48
GSM990484	68
GSM990485	50
GSM990486	73
GSM990487	54
GSM990488	66
GSM990489	67
GSM990490	31
GSM990491	68
GSM990492	68
GSM990493	72
GSM990494	75
GSM990495	73
GSM990496	62
GSM990497	55
GSM990498	58
GSM990499	31
GSM990500	28
GSM990501	52
GSM990502	41
GSM990503	46
GSM990504	28
GSM990505	52
GSM990506	49
GSM990507	39
GSM990508	62
GSM990509	47
GSM990510	49
GSM990511	56
GSM990512	62
GSM990513	66
GSM990514	59
GSM990515	47
GSM990516	61
GSM990517	27
GSM990518	19
GSM990519	44
GSM990520	47
GSM990521	50
GSM990522	42
GSM990523	29
GSM990524	57
GSM990525	31
GSM990526	52
GSM990527	57
GSM990528	21
GSM990529	45
GSM990530	48
GSM990531	35
GSM990532	42
GSM990533	56
GSM990534	32
GSM990535	51
GSM990536	39
GSM990537	31
GSM990538	36
GSM990539	16
GSM990540	48
GSM990541	22
GSM990542	37
GSM990543	55
GSM990544	81
GSM990545	66
GSM990546	82
GSM990547	82
GSM990548	62
GSM990549	56
GSM990550	77
GSM990551	74
GSM990552	71
GSM990553	74
GSM990554	64
GSM990555	67
GSM990556	69
GSM990557	78
GSM990558	91
GSM990559	79
GSM990560	83
GSM990561	74
GSM990562	81
GSM990563	82
GSM990564	73
GSM990565	76
GSM990566	59
GSM990567	67
GSM990568	67
GSM990569	77
GSM990570	63
GSM990571	72
GSM990572	79
GSM990573	76
GSM990574	71
GSM990575	61
GSM990576	75
GSM990577	78
GSM990578	84
GSM990579	81
GSM990580	78
GSM990581	80
GSM990582	68
GSM990583	75
GSM990584	73
GSM990585	69
GSM990586	70
GSM990587	49
GSM990588	76
GSM990589	76
GSM990590	67
GSM990591	66
GSM990592	45
GSM990593	65
GSM990594	76
GSM990595	87
GSM990596	64
GSM990597	75
GSM990598	77
GSM990599	65
GSM990600	60
GSM990601	73
GSM990602	78
GSM990603	71
GSM990604	66
GSM990605	86
GSM990606	74
GSM990607	66
GSM990608	65
GSM990609	55
GSM990610	85
GSM990611	58
GSM990612	87
GSM990613	65
GSM990614	68
GSM990615	88
GSM990616	72
GSM990617	66
GSM990618	64
GSM990619	67
GSM990620	82
GSM990621	66
GSM990622	79
GSM990623	72
GSM990624	74
GSM990625	67
GSM990626	60
GSM990627	77
GSM1235534	59
GSM1235535	42
GSM1235536	46
GSM1235537	44
GSM1235538	50
GSM1235539	54
GSM1235540	54
GSM1235541	51
GSM1235542	64
GSM1235543	47
GSM1235544	46
GSM1235545	43
GSM1235546	60
GSM1235547	46
GSM1235548	47
GSM1235549	55
GSM1235550	48
GSM1235551	54
GSM1235552	49
GSM1235553	39
GSM1235554	49
GSM1235555	52
GSM1235556	57
GSM1235557	56
GSM1235558	54
GSM1235559	60
GSM1235560	52
GSM1235561	60
GSM1235562	56
GSM1235563	53
GSM1235564	52
GSM1235565	56
GSM1235566	46
GSM1235567	61
GSM1235568	50
GSM1235569	52
GSM1235570	59
GSM1235571	46
GSM1235572	45
GSM1235573	41
GSM1235574	52
GSM1235575	41
GSM1235576	43
GSM1235577	35
GSM1235578	62
GSM1235579	53
GSM1235580	56
GSM1235581	48
GSM1235582	43
GSM1235583	47
GSM1235584	67
GSM1235585	52
GSM1235586	48
GSM1235587	47
GSM1235588	62
GSM1235589	69
GSM1235590	59
GSM1235591	41
GSM1235594	51
GSM1235596	56
GSM1235600	54
GSM1235601	46
GSM1235604	69
GSM1235605	69
GSM1235606	56
GSM1235607	61
GSM1235611	60
GSM1235612	60
GSM1235617	55
GSM1235619	44
GSM1235620	60
GSM1235621	65
GSM1235624	53
GSM1235625	51
GSM1235628	60
GSM1235631	62
GSM1235632	62
GSM1235637	60
GSM1235638	58
GSM1235640	42
GSM1235641	40
GSM1235643	47
GSM1235644	42
GSM1235646	45
GSM1235649	47
GSM1235654	54
GSM1235655	55
GSM1235657	53
GSM1235659	37
GSM1235660	54
GSM1235661	60
GSM1235664	46
GSM1235667	51
GSM1235670	48
GSM1235672	46
GSM1235677	39
GSM1235679	58
GSM1235680	53
GSM1235683	58
GSM1235694	54
GSM1235703	59
GSM1235704	60
GSM1235706	56
GSM1235707	44
GSM1235708	48
GSM1235711	54
GSM1235714	60
GSM1235721	55
GSM1235723	57
GSM1235727	66
GSM1235730	48
GSM1235740	46
GSM1235742	56
GSM1235752	64
GSM1235756	57
GSM1235757	52
GSM1235760	51
GSM1235764	65
GSM1235781	50
GSM1235782	52
GSM1235784	70
GSM1235786	39
GSM1235787	63
GSM1235789	44
GSM1235790	57
GSM1235793	39
GSM1235804	41
GSM1235806	55
GSM1235809	61
GSM1235811	45
GSM1235812	45
GSM1235813	54
GSM1235815	55
GSM1235816	54
GSM1235817	46
GSM1235818	44
GSM1235819	46
GSM1235821	48
GSM1235824	44
GSM1235826	45
GSM1235829	48
GSM1235830	54
GSM1235831	44
GSM1235836	51
GSM1235838	59
GSM1235850	59
GSM1235852	64
GSM1235858	59
GSM1235866	56
GSM1235870	51
GSM1235871	46
GSM1235873	56
GSM1235874	57
GSM1235875	45
GSM1235876	40
GSM1235883	65
GSM1235886	35
GSM1235887	52
GSM1235891	25
GSM1235897	46
GSM1235901	61
GSM1235904	32
GSM1235908	58
GSM1235911	59
GSM1235915	44
GSM1235922	64
GSM1235925	51
GSM1235926	54
GSM1235929	58
GSM1235930	51
GSM1235934	55
GSM1235935	60
GSM1235936	67
GSM1235939	54
GSM1235940	52
GSM1235941	58
GSM1235947	56
GSM1235949	60
GSM1235950	48
GSM1235953	45
GSM1235955	51
GSM1235962	56
GSM1235963	57
GSM1235966	55
GSM1235973	47
GSM1235978	55
GSM1235979	44
GSM1235984	56
GSM1235987	59
GSM1235988	61
GSM1235994	49
GSM1236001	57
GSM1236003	41
GSM1236004	56
GSM1236005	50
GSM1236006	49
GSM1236009	51
GSM1236013	50
GSM1236016	52
GSM1236018	59
GSM1236025	52
GSM1236029	46
GSM1236032	46
GSM1236039	38
GSM1236043	42
GSM1236045	54
GSM1236046	49
GSM1236047	59
GSM1236048	43
GSM1236049	52
GSM1236052	35
GSM1236053	54
GSM1236054	51
GSM1236057	53
GSM1236062	52
GSM1236064	56
GSM1236065	51
GSM1236067	55
GSM1236074	49
GSM1236075	55
GSM1236084	49
GSM1236086	53
GSM1236093	53
GSM1236100	56
GSM1236107	59
GSM1236109	50
GSM1236110	46
GSM1236112	45
GSM1236113	45
GSM1236115	63
GSM1236119	57
GSM1236131	56
GSM1236135	61
GSM1236136	46
GSM1236137	60
GSM1236142	49
GSM1236147	54
GSM1236150	46
GSM1236151	42
GSM1236152	59
GSM1236160	47
GSM1236162	57
GSM1236167	52
GSM1236171	56
GSM1236173	45
GSM1236179	60
GSM1236180	47
GSM1236186	53
GSM1236192	61
GSM1236195	50
GSM1236196	48
GSM1236199	51
GSM1236201	60
GSM1236204	53
GSM1236205	59
GSM1236206	55
GSM1236208	57
GSM1236209	39
GSM1236211	53
GSM1236212	54
GSM1236213	48
GSM1236214	43
GSM1236215	47
GSM1236216	52
GSM1236218	54
GSM1236219	55
GSM1236221	49
GSM1236224	53
GSM1236227	50
GSM1236230	60
GSM1236231	40
GSM1236237	44
GSM1236240	56
GSM1236243	56
GSM1236251	61
GSM1236252	61
GSM1236253	64
GSM1236262	52
GSM1236265	63
GSM1236267	57
GSM1236268	53
GSM1236272	61
GSM1236278	56
GSM1236280	53
GSM1236283	58
GSM1236285	50
GSM1236286	49
GSM1236287	59
GSM1236291	59
GSM1236292	41
GSM1236294	49
GSM1236295	59
GSM1236296	50
GSM1236310	53
GSM1236312	52
GSM1236317	55
GSM1236330	68
GSM1236332	58
GSM1236336	54
GSM1236340	53
GSM1236343	54
GSM1236345	60
GSM1236347	40
GSM1236348	44
GSM1236349	58
GSM1236352	57
GSM1236356	30
GSM1236357	47
GSM1236358	50
GSM1236359	53
GSM1236360	47
GSM1236361	49
GSM1236362	59
GSM1236363	54
GSM1236364	59
GSM1236365	43
GSM1236366	46
GSM1236367	60
GSM1236368	68
GSM1236369	52
GSM1236370	46
GSM1236371	41
GSM1236372	36
GSM1236373	60
GSM1236374	53
GSM1236375	57
GSM1236376	57
GSM1236377	50
GSM1236378	54
GSM1051525	65
GSM1051526	48
GSM1051527	52
GSM1051528	62
GSM1051529	36
GSM1051530	52
GSM1051531	62
GSM1051532	46
GSM1051533	64
GSM1051534	45
GSM1051535	34
GSM1051536	55
GSM1051537	47
GSM1051538	48
GSM1051539	65
GSM1051540	63
GSM1051541	61
GSM1051542	59
GSM1051543	53
GSM1051544	56
GSM1051545	55
GSM1051546	49
GSM1051547	56
GSM1051548	56
GSM1051549	47
GSM1051550	60
GSM1051551	64
GSM1051552	57
GSM1051553	64
GSM1051554	46
GSM1051555	62
GSM1051556	58
GSM1051557	54
GSM1051558	29
GSM1051559	60
GSM1051560	51
GSM1051561	68
GSM1051562	55
GSM1051563	30
GSM1051564	53
GSM1051565	50
GSM1051566	49
GSM1051567	39
GSM1051568	45
GSM1051569	31
GSM1051570	53
GSM1051571	30
GSM1051572	66
GSM1051573	47
GSM1051574	52
GSM1051575	54
GSM1051576	41
GSM1051577	53
GSM1051578	57
GSM1051579	50
GSM1051580	63
GSM1051581	60
GSM1051582	51
GSM1051583	59
GSM1051584	62
GSM1051585	64
GSM1051586	66
GSM1051587	57
GSM1051588	60
GSM1051589	36
GSM1051590	37
GSM1051591	43
GSM1051592	47
GSM1051593	65
GSM1051594	51
GSM1051595	45
GSM1051596	63
GSM1051597	39
GSM1051598	59
GSM1051599	40
GSM1051600	41
GSM1051601	41
GSM1051602	49
GSM1051603	42
GSM1051604	21
GSM1051605	61
GSM1051606	77
GSM1051607	55
GSM1051608	54
GSM1051609	63
GSM1051610	61
GSM1051611	42
GSM1051612	63
GSM1051613	57
GSM1051614	39
GSM1051615	60
GSM1051616	69
GSM1051617	59
GSM1051618	62
GSM1051619	56
GSM1051620	51
GSM1051621	56
GSM1051622	36
GSM1051623	50
GSM1051624	62
GSM1051625	71
GSM1051626	64
GSM1051627	67
GSM1051628	61
GSM1051629	51
GSM1051630	52
GSM1051631	59
GSM1051632	52
GSM1051633	43
GSM1051634	57
GSM1051635	49
GSM1051636	60
GSM1051637	46
GSM1051638	53
GSM1051639	52
GSM1051640	55
GSM1051641	65
GSM1051642	52
GSM1051643	39
GSM1051644	54
GSM1051645	59
GSM1051646	52
GSM1051647	52
GSM1051648	54
GSM1051649	72
GSM1051650	56
GSM1051651	70
GSM1051652	67
GSM1051653	33
GSM1051654	61
GSM1051655	43
GSM1051656	57
GSM1051657	56
GSM1051658	36
GSM1051659	55
GSM1051660	46
GSM1051661	46
GSM1051662	69
GSM1051663	52
GSM1051664	55
GSM1051665	28
GSM1051666	56
GSM1051667	60
GSM1051668	45
GSM1051669	63
GSM1051670	57
GSM1051671	55
GSM1051672	63
GSM1051673	61
GSM1051674	61
GSM1051675	54
GSM1051676	62
GSM1051677	57
GSM1051678	42
GSM1051679	36
GSM1051680	48
GSM1051681	53
GSM1051682	57
GSM1051683	53
GSM1051684	54
GSM1051685	62
GSM1051686	44
GSM1051687	66
GSM1051688	68
GSM1051689	51
GSM1051690	42
GSM1051691	54
GSM1051692	39
GSM1051693	61
GSM1051694	52
GSM1051695	66
GSM1051696	45
GSM1051697	72
GSM1051698	25
GSM1051699	46
GSM1051700	59
GSM1051701	58
GSM1051702	52
GSM1051703	60
GSM1051704	58
GSM1051705	50
GSM1051706	49
GSM1051707	52
GSM1051708	60
GSM1051709	56
GSM1051710	42
GSM1051711	57
GSM1051712	61
GSM1051713	62
GSM1051714	63
GSM1051715	61
GSM1051716	57
GSM1051717	68
GSM1051718	51
GSM1051719	42
GSM1051720	53
GSM1051721	51
GSM1051722	60
GSM1051723	73
GSM1051724	55
GSM1051725	55
GSM1051726	41
GSM1051727	67
GSM1051728	43
GSM1051729	39
GSM1051730	43
GSM1051731	58
GSM1051732	58
GSM1051733	58
GSM1051734	64
GSM1051735	35
GSM1051736	60
GSM1051737	36
GSM1051738	59
GSM1051739	56
GSM1051740	58
GSM1051741	58
GSM1051742	37
GSM1051743	46
GSM1051744	61
GSM1051745	61
GSM1051746	49
GSM1051747	56
GSM1051748	56
GSM1051749	53
GSM1051750	51
GSM1051751	43
GSM1051752	58
GSM1051753	64
GSM1051754	43
GSM1051755	61
GSM1051756	65
GSM1051757	59
GSM1051758	52
GSM1051759	72
GSM1051760	24
GSM1051761	59
GSM1051762	60
GSM1051763	59
GSM1051764	63
GSM1051765	65
GSM1051766	54
GSM1051767	63
GSM1051768	44
GSM1051769	51
GSM1051770	42
GSM1051771	51
GSM1051772	65
GSM1051773	52
GSM1051774	50
GSM1051775	60
GSM1051776	67
GSM1051777	46
GSM1051778	60
GSM1051779	51
GSM1051780	53
GSM1051781	57
GSM1051782	39
GSM1051783	62
GSM1051784	43
GSM1051785	56
GSM1051786	61
GSM1051787	59
GSM1051788	63
GSM1051789	65
GSM1051790	66
GSM1051791	52
GSM1051792	55
GSM1051793	50
GSM1051794	53
GSM1051795	48
GSM1051796	68
GSM1051797	40
GSM1051798	62
GSM1051799	67
GSM1051800	58
GSM1051801	57
GSM1051802	37
GSM1051803	60
GSM1051804	42
GSM1051805	62
GSM1051806	55
GSM1051807	81
GSM1051808	35
GSM1051809	62
GSM1051810	65
GSM1051811	41
GSM1051812	65
GSM1051813	58
GSM1051814	53
GSM1051815	64
GSM1051816	68
GSM1051817	63
GSM1051818	48
GSM1051819	60
GSM1051820	44
GSM1051821	71
GSM1051822	63
GSM1051823	70
GSM1051824	48
GSM1051825	57
GSM1051826	66
GSM1051827	62
GSM1051828	59
GSM1051829	53
GSM1051830	52
GSM1051831	52
GSM1051832	46
GSM1051833	39
GSM1051834	58
GSM1051835	59
GSM1051836	51
GSM1051837	72
GSM1051838	52
GSM1051839	57
GSM1051840	60
GSM1051841	48
GSM1051842	59
GSM1051843	39
GSM1051844	40
GSM1051845	41
GSM1051846	59
GSM1051847	51
GSM1051848	56
GSM1051849	36
GSM1051850	35
GSM1051851	41
GSM1051852	67
GSM1051853	41
GSM1051854	58
GSM1051855	43
GSM1051856	53
GSM1051857	59
GSM1051858	36
GSM1051859	55
GSM1051860	37
GSM1051861	56
GSM1051862	65
GSM1051863	49
GSM1051864	48
GSM1051865	57
GSM1051866	50
GSM1051867	62
GSM1051868	57
GSM1051869	41
GSM1051870	56
GSM1051871	60
GSM1051872	65
GSM1051873	68
GSM1051874	52
GSM1051875	49
GSM1051876	64
GSM1051877	61
GSM1051878	49
GSM1051879	50
GSM1051880	47
GSM1051881	47
GSM1051882	54
GSM1051883	51
GSM1051884	50
GSM1051885	58
GSM1051886	68
GSM1051887	47
GSM1051888	61
GSM1051889	74
GSM1051890	51
GSM1051891	51
GSM1051892	61
GSM1051893	37
GSM1051894	56
GSM1051895	38
GSM1051896	51
GSM1051897	42
GSM1051898	43
GSM1051899	55
GSM1051900	47
GSM1051901	52
GSM1051902	70
GSM1051903	65
GSM1051904	55
GSM1051905	41
GSM1051906	68
GSM1051907	54
GSM1051908	56
GSM1051909	52
GSM1051910	41
GSM1051911	60
GSM1051912	33
GSM1051913	63
GSM1051914	43
GSM1051915	57
GSM1051916	41
GSM1051917	52
GSM1051918	63
GSM1051919	54
GSM1051920	41
GSM1051921	59
GSM1051922	49
GSM1051923	27
GSM1051924	61
GSM1051925	40
GSM1051926	50
GSM1051927	55
GSM1051928	25
GSM1051929	62
GSM1051930	45
GSM1051931	54
GSM1051932	57
GSM1051933	25
GSM1051934	64
GSM1051935	46
GSM1051936	64
GSM1051937	45
GSM1051938	57
GSM1051939	60
GSM1051940	54
GSM1051941	53
GSM1051942	54
GSM1051943	69
GSM1051944	44
GSM1051945	54
GSM1051946	39
GSM1051947	57
GSM1051948	21
GSM1051949	45
GSM1051950	48
GSM1051951	74
GSM1051952	60
GSM1051953	42
GSM1051954	47
GSM1051955	60
GSM1051956	49
GSM1051957	66
GSM1051958	54
GSM1051959	59
GSM1051960	67
GSM1051961	27
GSM1051962	50
GSM1051963	64
GSM1051964	58
GSM1051965	52
GSM1051966	50
GSM1051967	65
GSM1051968	49
GSM1051969	58
GSM1051970	64
GSM1051971	56
GSM1051972	53
GSM1051973	55
GSM1051974	69
GSM1051975	57
GSM1051976	47
GSM1051977	60
GSM1051978	56
GSM1051979	52
GSM1051980	55
GSM1051981	33
GSM1051982	62
GSM1051983	61
GSM1051984	65
GSM1051985	34
GSM1051986	55
GSM1051987	53
GSM1051988	33
GSM1051989	45
GSM1051990	54
GSM1051991	42
GSM1051992	55
GSM1051993	39
GSM1051994	51
GSM1051995	31
GSM1051996	54
GSM1051997	32
GSM1051998	57
GSM1051999	46
GSM1052000	42
GSM1052001	55
GSM1052002	55
GSM1052003	47
GSM1052004	19
GSM1052005	67
GSM1052006	65
GSM1052007	55
GSM1052008	40
GSM1052009	56
GSM1052010	29
GSM1052011	62
GSM1052012	52
GSM1052013	20
GSM1052014	49
GSM1052015	59
GSM1052016	64
GSM1052017	39
GSM1052018	48
GSM1052019	58
GSM1052020	58
GSM1052021	50
GSM1052022	46
GSM1052023	58
GSM1052024	29
GSM1052025	49
GSM1052026	61
GSM1052027	62
GSM1052028	53
GSM1052029	44
GSM1052030	53
GSM1052031	50
GSM1052032	54
GSM1052033	24
GSM1052034	54
GSM1052035	48
GSM1052036	51
GSM1052037	55
GSM1052038	53
GSM1052039	44
GSM1052040	50
GSM1052041	62
GSM1052042	39
GSM1052043	63
GSM1052044	23
GSM1052045	51
GSM1052046	43
GSM1052047	56
GSM1052048	54
GSM1052049	53
GSM1052050	43
GSM1052051	62
GSM1052052	56
GSM1052053	36
GSM1052054	65
GSM1052055	46
GSM1052056	52
GSM1052057	58
GSM1052058	27
GSM1052059	58
GSM1052060	59
GSM1052061	41
GSM1052062	42
GSM1052063	58
GSM1052064	42
GSM1052065	62
GSM1052066	44
GSM1052067	49
GSM1052068	61
GSM1052069	54
GSM1052070	31
GSM1052071	52
GSM1052072	56
GSM1052073	25
GSM1052074	48
GSM1052075	30
GSM1052076	34
GSM1052077	47
GSM1052078	38
GSM1052079	49
GSM1052080	51
GSM1052081	53
GSM1052082	45
GSM1052083	50
GSM1052084	52
GSM1052085	58
GSM1052086	58
GSM1052087	57
GSM1052088	34
GSM1052089	35
GSM1052090	58
GSM1052091	58
GSM1052092	61
GSM1052093	51
GSM1052094	71
GSM1052095	49
GSM1052096	55
GSM1052097	59
GSM1052098	57
GSM1052099	66
GSM1052100	52
GSM1052101	61
GSM1052102	67
GSM1052103	60
GSM1052104	54
GSM1052105	38
GSM1052106	44
GSM1052107	51
GSM1052108	45
GSM1052109	59
GSM1052110	55
GSM1052111	54
GSM1052112	57
GSM1052113	56
GSM1052114	41
GSM1052115	49
GSM1052116	58
GSM1052117	24
GSM1052118	47
GSM1052119	37
GSM1052120	59
GSM1052121	57
GSM1052122	58
GSM1052123	68
GSM1052124	43
GSM1052125	56
GSM1052126	48
GSM1052127	63
GSM1052128	51
GSM1052129	36
GSM1052130	50
GSM1052131	43
GSM1052132	56
GSM1052133	47
GSM1052134	43
GSM1052135	64
GSM1052136	60
GSM1052137	33
GSM1052138	39
GSM1052139	51
GSM1052140	66
GSM1052141	39
GSM1052142	48
GSM1052143	52
GSM1052144	32
GSM1052145	60
GSM1052146	20
GSM1052147	48
GSM1052148	60
GSM1052149	64
GSM1052150	53
GSM1052151	56
GSM1052152	65
GSM1052153	34
GSM1052154	55
GSM1052155	34
GSM1052156	57
GSM1052157	48
GSM1052158	55
GSM1052159	59
GSM1052160	54
GSM1052161	62
GSM1052162	51
GSM1052163	57
GSM1052164	72
GSM1052165	43
GSM1052166	50
GSM1052167	60
GSM1052168	50
GSM1052169	55
GSM1052170	40
GSM1052171	62
GSM1052172	61
GSM1052173	58
GSM1052174	57
GSM1052175	43
GSM1052176	45
GSM1052177	51
GSM1052178	43
GSM1052179	74
GSM1052180	41
GSM1052181	37
GSM1052182	58
GSM1052183	66
GSM1052184	41
GSM1052185	41
GSM1052186	40
GSM1052187	28
GSM1052188	57
GSM1052189	59
GSM1052190	56
GSM1052191	43
GSM1052192	49
GSM1052193	63
GSM1052194	50
GSM1052195	67
GSM1052196	60
GSM1052197	61
GSM1052198	50
GSM1052199	50
GSM1052200	65
GSM1052201	62
GSM1052202	52
GSM1052203	41
GSM1052204	24
GSM1052205	29
GSM1052206	62
GSM1052207	53
GSM1052208	56
GSM1052209	59
GSM1052210	35
GSM1052211	46
GSM1052212	64
GSM1052213	38
GSM1235534	59
GSM1235535	42
GSM1235536	46
GSM1235537	44
GSM1235538	50
GSM1235539	54
GSM1235540	54
GSM1235541	51
GSM1235542	64
GSM1235543	47
GSM1235544	46
GSM1235545	43
GSM1235546	60
GSM1235547	46
GSM1235548	47
GSM1235549	55
GSM1235550	48
GSM1235551	54
GSM1235552	49
GSM1235553	39
GSM1235554	49
GSM1235555	52
GSM1235556	57
GSM1235557	56
GSM1235558	54
GSM1235559	60
GSM1235560	52
GSM1235561	60
GSM1235562	56
GSM1235563	53
GSM1235564	52
GSM1235565	56
GSM1235566	46
GSM1235567	61
GSM1235568	50
GSM1235569	52
GSM1235570	59
GSM1235571	46
GSM1235572	45
GSM1235573	41
GSM1235574	52
GSM1235575	41
GSM1235576	43
GSM1235577	35
GSM1235578	62
GSM1235579	53
GSM1235580	56
GSM1235581	48
GSM1235582	43
GSM1235583	47
GSM1235584	67
GSM1235585	52
GSM1235586	48
GSM1235587	47
GSM1235588	62
GSM1235589	69
GSM1235590	59
GSM1235591	41
GSM1235592	53
GSM1235593	59
GSM1235594	51
GSM1235595	59
GSM1235596	56
GSM1235597	67
GSM1235598	45
GSM1235599	39
GSM1235600	54
GSM1235601	46
GSM1235602	60
GSM1235603	64
GSM1235604	69
GSM1235605	69
GSM1235606	56
GSM1235607	61
GSM1235608	51
GSM1235609	47
GSM1235610	63
GSM1235611	60
GSM1235612	60
GSM1235613	55
GSM1235614	57
GSM1235615	50
GSM1235616	42
GSM1235617	55
GSM1235618	47
GSM1235619	44
GSM1235620	60
GSM1235621	65
GSM1235622	56
GSM1235623	53
GSM1235624	53
GSM1235625	51
GSM1235626	53
GSM1235627	53
GSM1235628	60
GSM1235629	40
GSM1235630	53
GSM1235631	62
GSM1235632	62
GSM1235633	47
GSM1235634	46
GSM1235635	51
GSM1235636	46
GSM1235637	60
GSM1235638	58
GSM1235639	57
GSM1235640	42
GSM1235641	40
GSM1235642	49
GSM1235643	47
GSM1235644	42
GSM1235645	49
GSM1235646	45
GSM1235647	64
GSM1235648	66
GSM1235649	47
GSM1235650	63
GSM1235651	44
GSM1235652	53
GSM1235653	49
GSM1235654	54
GSM1235655	55
GSM1235656	44
GSM1235657	53
GSM1235658	54
GSM1235659	37
GSM1235660	54
GSM1235661	60
GSM1235662	48
GSM1235663	50
GSM1235664	46
GSM1235665	56
GSM1235666	47
GSM1235667	51
GSM1235668	51
GSM1235669	48
GSM1235670	48
GSM1235671	58
GSM1235672	46
GSM1235673	57
GSM1235674	56
GSM1235675	54
GSM1235676	63
GSM1235677	39
GSM1235678	50
GSM1235679	58
GSM1235680	53
GSM1235681	61
GSM1235682	54
GSM1235683	58
GSM1235684	44
GSM1235685	53
GSM1235686	49
GSM1235687	52
GSM1235688	38
GSM1235689	49
GSM1235690	72
GSM1235691	55
GSM1235692	53
GSM1235693	48
GSM1235694	54
GSM1235695	58
GSM1235696	45
GSM1235697	53
GSM1235698	52
GSM1235699	53
GSM1235700	64
GSM1235701	53
GSM1235702	27
GSM1235703	59
GSM1235704	60
GSM1235705	49
GSM1235706	56
GSM1235707	44
GSM1235708	48
GSM1235709	67
GSM1235710	52
GSM1235711	54
GSM1235712	64
GSM1235713	57
GSM1235714	60
GSM1235715	57
GSM1235716	41
GSM1235717	56
GSM1235718	62
GSM1235719	52
GSM1235720	50
GSM1235721	55
GSM1235722	46
GSM1235723	57
GSM1235724	53
GSM1235725	63
GSM1235726	47
GSM1235727	66
GSM1235728	47
GSM1235729	57
GSM1235730	48
GSM1235731	46
GSM1235732	50
GSM1235733	59
GSM1235734	49
GSM1235735	74
GSM1235736	70
GSM1235737	70
GSM1235738	66
GSM1235739	59
GSM1235740	46
GSM1235741	64
GSM1235742	56
GSM1235743	48
GSM1235744	62
GSM1235745	65
GSM1235746	62
GSM1235747	66
GSM1235748	60
GSM1235749	55
GSM1235750	52
GSM1235751	60
GSM1235752	64
GSM1235753	44
GSM1235754	52
GSM1235755	42
GSM1235756	57
GSM1235757	52
GSM1235758	57
GSM1235759	53
GSM1235760	51
GSM1235761	60
GSM1235762	63
GSM1235763	46
GSM1235764	65
GSM1235765	47
GSM1235766	46
GSM1235767	61
GSM1235768	62
GSM1235769	48
GSM1235770	43
GSM1235771	73
GSM1235772	43
GSM1235773	64
GSM1235774	57
GSM1235775	52
GSM1235776	59
GSM1235777	69
GSM1235778	51
GSM1235779	50
GSM1235780	74
GSM1235781	50
GSM1235782	52
GSM1235783	66
GSM1235784	70
GSM1235785	65
GSM1235786	39
GSM1235787	63
GSM1235788	48
GSM1235789	44
GSM1235790	57
GSM1235791	63
GSM1235792	50
GSM1235793	39
GSM1235794	51
GSM1235795	42
GSM1235796	61
GSM1235797	57
GSM1235798	51
GSM1235799	61
GSM1235800	56
GSM1235801	68
GSM1235802	64
GSM1235803	56
GSM1235804	41
GSM1235805	56
GSM1235806	55
GSM1235807	66
GSM1235808	60
GSM1235809	61
GSM1235810	66
GSM1235811	45
GSM1235812	45
GSM1235813	54
GSM1235814	51
GSM1235815	55
GSM1235816	54
GSM1235817	46
GSM1235818	44
GSM1235819	46
GSM1235820	43
GSM1235821	48
GSM1235822	58
GSM1235823	69
GSM1235824	44
GSM1235825	50
GSM1235826	45
GSM1235827	40
GSM1235828	52
GSM1235829	48
GSM1235830	54
GSM1235831	44
GSM1235832	59
GSM1235833	74
GSM1235834	54
GSM1235835	57
GSM1235836	51
GSM1235837	56
GSM1235838	59
GSM1235839	52
GSM1235840	58
GSM1235841	61
GSM1235842	59
GSM1235843	52
GSM1235844	45
GSM1235845	62
GSM1235846	70
GSM1235847	61
GSM1235848	57
GSM1235849	64
GSM1235850	59
GSM1235851	58
GSM1235852	64
GSM1235853	35
GSM1235854	39
GSM1235855	53
GSM1235856	66
GSM1235857	40
GSM1235858	59
GSM1235859	58
GSM1235860	55
GSM1235861	66
GSM1235862	38
GSM1235863	42
GSM1235864	61
GSM1235865	59
GSM1235866	56
GSM1235867	56
GSM1235868	44
GSM1235869	55
GSM1235870	51
GSM1235871	46
GSM1235872	48
GSM1235873	56
GSM1235874	57
GSM1235875	45
GSM1235876	40
GSM1235877	59
GSM1235878	57
GSM1235879	56
GSM1235880	46
GSM1235881	59
GSM1235882	52
GSM1235883	65
GSM1235884	59
GSM1235885	39
GSM1235886	35
GSM1235887	52
GSM1235888	59
GSM1235889	52
GSM1235890	40
GSM1235891	25
GSM1235892	55
GSM1235893	59
GSM1235894	60
GSM1235895	39
GSM1235896	51
GSM1235897	46
GSM1235898	44
GSM1235899	50
GSM1235900	50
GSM1235901	61
GSM1235902	54
GSM1235903	67
GSM1235904	32
GSM1235905	60
GSM1235906	58
GSM1235907	61
GSM1235908	58
GSM1235909	59
GSM1235910	42
GSM1235911	59
GSM1235912	55
GSM1235913	46
GSM1235914	34
GSM1235915	44
GSM1235916	37
GSM1235917	62
GSM1235918	56
GSM1235919	48
GSM1235920	39
GSM1235921	57
GSM1235922	64
GSM1235923	53
GSM1235924	63
GSM1235925	51
GSM1235926	54
GSM1235927	61
GSM1235928	34
GSM1235929	58
GSM1235930	51
GSM1235931	61
GSM1235932	47
GSM1235933	66
GSM1235934	55
GSM1235935	60
GSM1235936	67
GSM1235937	37
GSM1235938	61
GSM1235939	54
GSM1235940	52
GSM1235941	58
GSM1235942	54
GSM1235943	37
GSM1235944	64
GSM1235945	57
GSM1235946	64
GSM1235947	56
GSM1235948	52
GSM1235949	60
GSM1235950	48
GSM1235951	41
GSM1235952	43
GSM1235953	45
GSM1235954	60
GSM1235955	51
GSM1235956	55
GSM1235957	51
GSM1235958	46
GSM1235959	44
GSM1235960	50
GSM1235961	28
GSM1235962	56
GSM1235963	57
GSM1235964	60
GSM1235965	59
GSM1235966	55
GSM1235967	61
GSM1235968	36
GSM1235969	34
GSM1235970	61
GSM1235971	71
GSM1235972	64
GSM1235973	47
GSM1235974	62
GSM1235975	45
GSM1235976	57
GSM1235977	58
GSM1235978	55
GSM1235979	44
GSM1235980	62
GSM1235981	44
GSM1235982	50
GSM1235983	65
GSM1235984	56
GSM1235985	44
GSM1235986	54
GSM1235987	59
GSM1235988	61
GSM1235989	49
GSM1235990	72
GSM1235991	60
GSM1235992	37
GSM1235993	61
GSM1235994	49
GSM1235995	61
GSM1235996	56
GSM1235997	49
GSM1235998	46
GSM1235999	56
GSM1236000	42
GSM1236001	57
GSM1236002	45
GSM1236003	41
GSM1236004	56
GSM1236005	50
GSM1236006	49
GSM1236007	44
GSM1236008	58
GSM1236009	51
GSM1236010	43
GSM1236011	58
GSM1236012	41
GSM1236013	50
GSM1236014	65
GSM1236015	58
GSM1236016	52
GSM1236017	55
GSM1236018	59
GSM1236019	62
GSM1236020	49
GSM1236021	73
GSM1236022	55
GSM1236023	65
GSM1236024	53
GSM1236025	52
GSM1236026	60
GSM1236027	67
GSM1236028	62
GSM1236029	46
GSM1236030	59
GSM1236031	60
GSM1236032	46
GSM1236033	47
GSM1236034	40
GSM1236035	45
GSM1236036	62
GSM1236037	60
GSM1236038	42
GSM1236039	38
GSM1236040	52
GSM1236041	51
GSM1236042	43
GSM1236043	42
GSM1236044	50
GSM1236045	54
GSM1236046	49
GSM1236047	59
GSM1236048	43
GSM1236049	52
GSM1236050	57
GSM1236051	59
GSM1236052	35
GSM1236053	54
GSM1236054	51
GSM1236055	61
GSM1236056	44
GSM1236057	53
GSM1236058	49
GSM1236059	42
GSM1236060	68
GSM1236061	61
GSM1236062	52
GSM1236063	55
GSM1236064	56
GSM1236065	51
GSM1236066	49
GSM1236067	55
GSM1236068	58
GSM1236069	53
GSM1236070	59
GSM1236071	50
GSM1236072	66
GSM1236073	55
GSM1236074	49
GSM1236075	55
GSM1236076	42
GSM1236077	56
GSM1236078	61
GSM1236079	61
GSM1236080	42
GSM1236081	50
GSM1236082	58
GSM1236083	46
GSM1236084	49
GSM1236085	63
GSM1236086	53
GSM1236087	51
GSM1236088	41
GSM1236089	55
GSM1236090	56
GSM1236091	65
GSM1236092	60
GSM1236093	53
GSM1236094	55
GSM1236095	41
GSM1236096	47
GSM1236097	57
GSM1236098	59
GSM1236099	51
GSM1236100	56
GSM1236101	60
GSM1236102	49
GSM1236103	53
GSM1236104	45
GSM1236105	44
GSM1236106	46
GSM1236107	59
GSM1236108	61
GSM1236109	50
GSM1236110	46
GSM1236111	42
GSM1236112	45
GSM1236113	45
GSM1236114	75
GSM1236115	63
GSM1236116	45
GSM1236117	42
GSM1236118	62
GSM1236119	57
GSM1236120	60
GSM1236121	55
GSM1236122	44
GSM1236123	57
GSM1236124	63
GSM1236125	63
GSM1236126	62
GSM1236127	67
GSM1236128	56
GSM1236129	57
GSM1236130	50
GSM1236131	56
GSM1236132	49
GSM1236133	43
GSM1236134	57
GSM1236135	61
GSM1236136	46
GSM1236137	60
GSM1236138	55
GSM1236139	59
GSM1236140	45
GSM1236141	56
GSM1236142	49
GSM1236143	43
GSM1236144	60
GSM1236145	61
GSM1236146	52
GSM1236147	54
GSM1236148	57
GSM1236149	56
GSM1236150	46
GSM1236151	42
GSM1236152	59
GSM1236153	56
GSM1236154	43
GSM1236155	52
GSM1236156	54
GSM1236157	44
GSM1236158	65
GSM1236159	43
GSM1236160	47
GSM1236161	49
GSM1236162	57
GSM1236163	46
GSM1236164	38
GSM1236165	51
GSM1236166	50
GSM1236167	52
GSM1236168	47
GSM1236169	62
GSM1236170	46
GSM1236171	56
GSM1236172	55
GSM1236173	45
GSM1236174	48
GSM1236175	53
GSM1236176	41
GSM1236177	60
GSM1236178	52
GSM1236179	60
GSM1236180	47
GSM1236181	60
GSM1236182	38
GSM1236183	48
GSM1236184	46
GSM1236185	58
GSM1236186	53
GSM1236187	51
GSM1236188	63
GSM1236189	51
GSM1236190	53
GSM1236191	35
GSM1236192	61
GSM1236193	64
GSM1236194	46
GSM1236195	50
GSM1236196	48
GSM1236197	55
GSM1236198	58
GSM1236199	51
GSM1236200	50
GSM1236201	60
GSM1236202	55
GSM1236203	52
GSM1236204	53
GSM1236205	59
GSM1236206	55
GSM1236207	52
GSM1236208	57
GSM1236209	39
GSM1236210	53
GSM1236211	53
GSM1236212	54
GSM1236213	48
GSM1236214	43
GSM1236215	47
GSM1236216	52
GSM1236217	49
GSM1236218	54
GSM1236219	55
GSM1236220	57
GSM1236221	49
GSM1236222	47
GSM1236223	52
GSM1236224	53
GSM1236225	56
GSM1236226	53
GSM1236227	50
GSM1236228	56
GSM1236229	67
GSM1236230	60
GSM1236231	40
GSM1236232	58
GSM1236233	50
GSM1236234	55
GSM1236235	62
GSM1236236	63
GSM1236237	44
GSM1236238	44
GSM1236239	56
GSM1236240	56
GSM1236241	49
GSM1236242	45
GSM1236243	56
GSM1236244	53
GSM1236245	52
GSM1236246	54
GSM1236247	27
GSM1236248	47
GSM1236249	47
GSM1236250	40
GSM1236251	61
GSM1236252	61
GSM1236253	64
GSM1236254	55
GSM1236255	38
GSM1236256	61
GSM1236257	63
GSM1236258	60
GSM1236259	54
GSM1236260	61
GSM1236261	65
GSM1236262	52
GSM1236263	37
GSM1236264	48
GSM1236265	63
GSM1236266	55
GSM1236267	57
GSM1236268	53
GSM1236269	63
GSM1236270	44
GSM1236271	46
GSM1236272	61
GSM1236273	52
GSM1236274	48
GSM1236275	48
GSM1236276	54
GSM1236277	55
GSM1236278	56
GSM1236279	43
GSM1236280	53
GSM1236281	53
GSM1236282	64
GSM1236283	58
GSM1236284	53
GSM1236285	50
GSM1236286	49
GSM1236287	59
GSM1236288	47
GSM1236289	55
GSM1236290	55
GSM1236291	59
GSM1236292	41
GSM1236293	54
GSM1236294	49
GSM1236295	59
GSM1236296	50
GSM1236297	59
GSM1236298	52
GSM1236299	66
GSM1236300	39
GSM1236301	45
GSM1236302	58
GSM1236303	54
GSM1236304	59
GSM1236305	52
GSM1236306	53
GSM1236307	61
GSM1236308	59
GSM1236309	43
GSM1236310	53
GSM1236311	53
GSM1236312	52
GSM1236313	36
GSM1236314	56
GSM1236315	56
GSM1236316	55
GSM1236317	55
GSM1236318	44
GSM1236319	63
GSM1236320	52
GSM1236321	61
GSM1236322	67
GSM1236323	61
GSM1236324	62
GSM1236325	60
GSM1236326	45
GSM1236327	58
GSM1236328	48
GSM1236329	57
GSM1236330	68
GSM1236331	58
GSM1236332	58
GSM1236333	52
GSM1236334	64
GSM1236335	62
GSM1236336	54
GSM1236337	54
GSM1236338	57
GSM1236339	43
GSM1236340	53
GSM1236341	51
GSM1236342	57
GSM1236343	54
GSM1236344	52
GSM1236345	60
GSM1236346	41
GSM1236347	40
GSM1236348	44
GSM1236349	58
GSM1236350	53
GSM1236351	48
GSM1236352	57
GSM1236353	57
GSM1236354	54
GSM1236355	43
GSM1236356	30
GSM1236357	47
GSM1236358	50
GSM1236359	53
GSM1236360	47
GSM1236361	49
GSM1236362	59
GSM1236363	54
GSM1236364	59
GSM1236365	43
GSM1236366	46
GSM1236367	60
GSM1236368	68
GSM1236369	52
GSM1236370	46
GSM1236371	41
GSM1236372	36
GSM1236373	60
GSM1236374	53
GSM1236375	57
GSM1236376	57
GSM1236377	50
GSM1236378	54
GSM1886364	11
GSM1886365	26
GSM1886366	36
GSM1886367	32
GSM1886368	29
GSM1886369	29
GSM1886370	36
GSM1886371	35
GSM1886372	30
GSM1886373	24
GSM1886374	30
GSM1886375	25
GSM1886376	30
GSM1886377	31
GSM1886378	30
GSM1886379	36
GSM1886380	33
GSM1886381	28
GSM1886382	24
GSM1886383	26
GSM1886384	21
GSM1886385	27
GSM1886386	34
GSM1886387	26
GSM1886388	31
GSM1886389	23
GSM1886390	32
GSM1886391	42
GSM1886392	33
GSM1886393	28
GSM1886394	21
GSM1886395	36
GSM1886396	33
GSM1886397	30
GSM1886398	32
GSM1886399	33
GSM1886400	27
GSM1886401	27
GSM1886402	29
GSM1886403	44
GSM1886404	27
GSM1886405	31
GSM1886406	29
GSM1886407	29
GSM1886408	33
GSM1886409	36
GSM1886410	38
GSM1886411	27
GSM1886412	28
GSM1886413	33
GSM1886414	41
GSM1886415	39
GSM1886416	26
GSM1886417	35
GSM1886418	30
GSM1886419	30
GSM1886420	25
GSM1886421	38
GSM1886422	30
GSM1886423	35
GSM1886424	33
GSM1886425	36
GSM1886426	30
GSM1886427	25
GSM1886428	37
GSM1886429	33
GSM1886430	34
GSM1886431	27
GSM1886432	23
GSM1886433	26
GSM1886434	21
GSM1886435	38
GSM1886436	26
GSM1886437	35
GSM1886438	32
GSM1886439	31
GSM1886440	42
GSM1886441	27
GSM1886442	21
GSM1886443	29
GSM1886444	24
GSM1886445	40
GSM1886446	28
GSM1886447	22
GSM1886448	26
GSM1886449	20
GSM1886450	30
GSM1886451	29
GSM1886452	33
GSM1886453	35
GSM1886454	29
GSM1886455	29
GSM1886456	21
GSM1886457	31
GSM1886458	26
GSM1886459	32
GSM1886460	25
GSM1886461	34
GSM1886462	25
GSM1886463	30
GSM1886464	22
GSM1886465	27
GSM1886466	31
GSM1886467	32
GSM1886468	33
GSM1886469	31
GSM1886470	34
GSM1886471	23
GSM1886472	33
GSM1886473	30
GSM1886474	31
GSM1886475	33
GSM1886476	22
GSM1886477	32
GSM1886478	35
GSM1886479	40
GSM1886480	26
GSM1886481	35
GSM1886482	34
GSM1886483	30
GSM1886484	47
GSM1886485	33
GSM1886486	30
GSM1886487	32
GSM1886488	39
GSM1886489	28
GSM1886490	33
GSM1886491	39
GSM1886492	26
GSM1886493	34
GSM1886494	40
GSM1886495	30
GSM1886496	28
GSM1886497	32
GSM1886498	31
GSM1886499	30
GSM1886500	37
GSM1886501	36
GSM1886502	42
GSM1886503	26
GSM1886504	38
GSM1886505	30
GSM1886506	29
GSM1886507	35
GSM1886508	35
GSM1886509	29
GSM1886510	25
GSM1886511	31
GSM1886512	31
GSM1886513	21
GSM1886514	31
GSM1886515	32
GSM1886516	34
GSM1886517	31
GSM1886518	33
GSM1886519	20
GSM1886520	31
GSM1886521	31
GSM1886522	40
GSM1886523	24
GSM1886524	39
GSM1886525	27
GSM1886526	26
GSM1886527	20
GSM1886528	36
GSM1886529	23
GSM1886530	26
GSM1886531	23
GSM1886532	28
GSM1886533	27
GSM1886534	26
GSM1886535	41
GSM1886536	36
GSM1886537	27
GSM1886538	35
GSM1886539	26
GSM1886540	38
GSM1886541	34
GSM1886542	29
GSM1886543	40
GSM1886544	24
GSM1886545	41
GSM1886546	48
GSM1886547	24
GSM1886548	42
GSM1886549	31
GSM1886550	39
GSM1886551	29
GSM1886552	35
GSM1886553	25
GSM1886554	30
GSM1886555	32
GSM1886556	25
GSM1886557	29
GSM1886558	18
GSM1886559	33
GSM1886560	20
GSM1886561	33
GSM1886562	26
GSM1886563	31
GSM1886564	26
GSM1886565	13
GSM1886566	28
GSM1886567	35
GSM1886568	27
GSM1886569	33
GSM1886570	30
GSM1886571	27
GSM1886572	36
GSM1886573	27
GSM1886574	24
GSM1886575	31
GSM1886576	37
GSM1886577	24
GSM1886578	27
GSM1886579	22
GSM1886580	37
GSM1886581	31
GSM1886582	26
GSM1886583	35
GSM1886584	24
GSM1886585	32
GSM1886586	24
GSM1886587	25
GSM1886588	24
GSM1886589	14
GSM1886590	17
GSM1886591	16
GSM1886592	17
GSM1886593	8
GSM1886594	23
GSM1886595	28
GSM1886596	20
GSM1886597	18
GSM1886598	19
GSM1886599	20
GSM1886600	23
GSM1886601	21
GSM1886602	19
GSM1886603	20
GSM1886604	14
GSM1886605	16
GSM1886606	32
GSM1886607	20
GSM1886608	21
GSM1886619	13
GSM1886620	23
GSM1886621	17
GSM1886622	21
GSM1886623	21
GSM1886624	25
GSM1886625	20
GSM1886626	20
GSM1886627	18
GSM1886628	20
GSM1886629	16
GSM1886630	29
GSM1886631	28
GSM1886632	33
GSM1886633	20
GSM1886634	21
GSM1886635	25
GSM1886636	17
GSM1886637	17
GSM1886638	24
GSM1886639	16
GSM1886640	16
GSM1886641	17
GSM1886642	29
GSM1886643	16
GSM1886644	22
GSM1886645	20
GSM1886646	23
GSM1886647	22
GSM1886648	25
GSM1886649	23
GSM1886650	16
GSM1886651	18
GSM1886652	18
GSM1886653	20
GSM1886654	22
GSM1886655	17
GSM1886656	16
GSM1886657	22
GSM1886658	17
GSM1886659	15
GSM1886660	16
GSM1886661	21
GSM1886662	20
GSM1886663	19
GSM1886664	29
GSM1886665	20
GSM1886666	22
GSM1886667	14
GSM1886668	25
GSM1886669	26
GSM1886670	18
GSM1886671	19
GSM1886672	17
GSM1886673	22
GSM1886674	21
GSM1886675	24
GSM1886676	23
GSM1886677	17
GSM1886678	11
GSM1886679	19
GSM1886680	25
GSM1886681	19
GSM1886682	19
GSM1886683	9
GSM1886684	18
GSM1886685	19
GSM1886686	29
GSM1886687	16
GSM1886688	21
GSM1886689	16
GSM1886690	23
GSM1886691	15
GSM1886692	20
GSM1886693	15
GSM1886713	19
GSM1886716	16
GSM1886720	22
GSM1886723	17
GSM1886726	11
GSM1886774	24
GSM1886775	17
GSM1886776	22
GSM1886777	18
GSM1886778	30
GSM1886779	23
GSM1886780	22
GSM1886781	23
GSM1886782	26
GSM1886783	15
GSM1886784	20
GSM1886785	22
GSM1886786	14
GSM1886787	20
GSM1886788	20
GSM1886789	25
GSM1886790	22
GSM1886791	20
GSM1886792	23
GSM1886793	14
GSM1886794	21
GSM1886795	24
GSM1886796	20
GSM1886797	22
GSM1886798	29
GSM1886799	33
GSM1886800	21
GSM1886801	21
GSM1886802	17
GSM1886803	18
GSM1696342	54
GSM1696343	46
GSM1696344	51
GSM1696345	52
GSM1696346	48
GSM1696347	49
GSM1696348	42
GSM1696349	51
GSM1696350	48
GSM1696351	48
GSM1696352	43
GSM1696353	49
GSM1696354	42
GSM1696355	50
GSM1696356	48
GSM1696357	43
GSM1696358	44
GSM1696359	52
GSM1696360	50
GSM1696361	47
GSM1696362	47
GSM1696363	49
GSM1696364	45
GSM1696365	52
GSM1696366	54
GSM1696367	47
GSM1696368	50
GSM1696369	40
GSM1696370	45
GSM1696371	47
GSM1696372	46
GSM1696373	48
GSM1696374	58
GSM1696375	45
GSM1696376	53
GSM1696377	48
GSM1696378	47
GSM1696379	54
GSM1696380	49
GSM1696381	43
GSM1696382	43
GSM1696383	43
GSM1696384	50
GSM1696385	43
GSM1696386	47
GSM1696387	57
GSM1696388	52
GSM1696389	56
GSM1696390	45
GSM1696391	43
GSM1696392	50
GSM1696393	59
GSM1696394	55
GSM1696395	48
GSM1696396	48
GSM1696397	50
GSM1696398	44
GSM1696399	43
GSM1696400	48
GSM1696401	50
GSM1696410	50
GSM1696411	55
GSM1696412	50
GSM1696413	50
GSM1696414	43
GSM1696415	51
GSM1696416	47
GSM1696417	46
GSM1696418	54
GSM1696419	50
GSM1696420	46
GSM1696421	50
GSM1696422	46
GSM1696423	39
GSM1696424	51
GSM1696425	49
GSM1696426	54
GSM1696427	38
GSM1696428	51
GSM1696429	50
GSM1696430	56
GSM1696431	59
GSM1696432	42
GSM1696433	44
GSM1696434	50
GSM1696435	43
GSM1696436	52
GSM1696437	46
GSM1696438	48
GSM1696439	43
GSM1696440	50
GSM1696441	50
GSM1696442	54
GSM1696443	55
GSM1696444	45
GSM1696445	44
GSM1696446	53
GSM1696447	49
GSM1696448	45
GSM1696449	42
GSM1696450	49
GSM1696451	46
GSM1696452	44
GSM1696453	47
GSM1696454	49
GSM1696455	46
GSM1696456	62
GSM1696457	44
GSM1696458	46
GSM1696459	47
GSM1696460	49
GSM1696461	44
GSM1696462	47
GSM1696463	42
GSM1696464	54
GSM1696465	51
GSM1696466	47
GSM1696467	53
GSM1696468	49
GSM1696469	51
GSM1696470	45
GSM1696471	49
GSM1696472	47
GSM1696473	44
GSM1696474	50
GSM1696475	47
GSM1696476	52
GSM1696477	43
GSM1696478	44
GSM1696479	44
GSM1696510	43
GSM1696511	47
GSM1696512	40
GSM1696513	52
GSM1696514	43
GSM1696515	40
GSM1696516	49
GSM1696517	53
GSM1696518	49
GSM1696519	49
GSM1696520	51
GSM1696521	48
GSM1696522	50
GSM1696523	47
GSM1696524	50
GSM1696525	54
GSM1696526	49
GSM1696527	43
GSM1696528	40
GSM1696529	53
GSM1696530	44
GSM1696531	42
GSM1696532	51
GSM1696533	45
GSM1696534	47
GSM1696535	63
GSM1696536	48
GSM1696537	49
GSM1696538	49
GSM1696539	46
GSM1696540	50
GSM1696541	46
GSM1696542	43
GSM1696543	53
GSM1696544	47
GSM1696545	41
GSM1696546	50
GSM1696547	49
GSM1696548	46
GSM1696549	44
GSM1696550	50
GSM1696551	58
GSM1696552	47
GSM1696553	50
GSM1696554	52
GSM1696555	47
GSM1696556	47
GSM1696557	59
GSM1696558	47
GSM1696559	50
GSM1696560	44
GSM1696561	50
GSM1696562	50
GSM1696563	51
GSM1572503	44
GSM1572504	42
GSM1572505	36
GSM1572506	46
GSM1572507	36
GSM1572508	35
GSM1572509	38
GSM1572510	55
GSM1572511	37
GSM1572512	47
GSM1572513	44
GSM1572514	41
GSM1572515	45
GSM1572516	44
GSM1572517	43
GSM1572518	47
GSM1572519	49
GSM1572520	42
GSM1572521	36
GSM1572522	57
GSM1572523	46
GSM1572524	53
GSM1572525	38
GSM1572526	42
GSM1572527	49
GSM1572528	26
GSM1572529	30
GSM1572530	43
GSM1572531	41
GSM1572532	37
GSM1572533	34
GSM1572534	42
GSM1572535	46
GSM1572536	41
GSM1572537	49
GSM1572538	45
GSM1572539	51
GSM1572540	59
GSM1572541	50
GSM1572542	61
GSM1572543	41
GSM1572544	47
GSM1572545	49
GSM1572546	46
GSM1572547	49
GSM1572548	55
GSM1572549	55
GSM1572550	61
GSM1572551	46
GSM1572552	47
GSM1572553	48
GSM1572554	50
GSM1572555	55
GSM1572556	43
GSM1572557	55
GSM1572558	52
GSM1572559	60
GSM1572560	51
GSM1572561	62
GSM1572562	56
GSM1572563	58
GSM1572564	54
GSM1572565	65
GSM1572566	46
GSM1572567	42
GSM1572568	8
GSM1572569	5
GSM1572570	4
GSM1572571	4
GSM1572572	2
GSM1572573	49
GSM1572574	7
GSM1572575	4
GSM1572576	37
GSM1572577	29
GSM1572578	5
GSM1572579	33
GSM1572580	6
GSM1572581	38
GSM1572582	1
GSM1572583	32
GSM1572584	35
GSM1572585	25
GSM1572586	1
GSM1572587	35
GSM1572588	34
GSM1572589	12
GSM1572590	44
GSM1572591	32
GSM1572592	2
GSM1572593	29
GSM1572594	64
GSM1572595	6
GSM1572596	4
GSM1572597	24
GSM1572598	33
GSM1572599	5
GSM1572600	3
GSM1572601	44
GSM1572602	36
GSM1572603	33
GSM1572604	3
GSM1572605	34
GSM1572606	36
GSM1572607	12
GSM1572608	10
GSM1572609	8
GSM1572610	4
GSM1572611	2
GSM1572612	30
GSM1572613	51
GSM1572614	4
GSM1572615	5
GSM765860	84
GSM765861	1
GSM765862	85
GSM765863	78
GSM765864	79
GSM765865	84
GSM765866	75
GSM765867	72
GSM765868	82
GSM765869	72
GSM765870	71
GSM765871	83
GSM765872	91
GSM765873	74
GSM765874	98
GSM765875	74
GSM765876	79
GSM765877	73
GSM765878	88
GSM765879	65
GSM765880	88
GSM765881	0
GSM765882	0
GSM765883	0
GSM765884	0
GSM765885	0
GSM765886	0
GSM765887	0
GSM765888	0
GSM765889	0
GSM765890	0
GSM765891	0
GSM765892	0
GSM765893	0
GSM765894	0
GSM765895	0
GSM765896	0
GSM765897	0
GSM765898	0
GSM765899	0
GSM1272122	30
GSM1272123	18
GSM1272124	19
GSM1272125	39
GSM1272126	48
GSM1272127	35
GSM1272128	28
GSM1272129	41
GSM1272130	36
GSM1272131	43
GSM1272132	41
GSM1272133	46
GSM1272134	22
GSM1272135	50
GSM1272136	46
GSM1272137	34
GSM1272138	33
GSM1272139	30
GSM1272140	36
GSM1272141	50
GSM1272142	50
GSM1272143	38
GSM1272144	31
GSM1272145	33
GSM1272146	41
GSM1272147	40
GSM1272148	58
GSM1272149	31
GSM1272150	28
GSM1272151	35
GSM1272152	33
GSM1272153	18
GSM1272154	28
GSM1272155	49
GSM1272156	34
GSM1272157	35
GSM1272158	31
GSM1272159	39
GSM1272160	56
GSM1272161	34
GSM1272162	49
GSM1272163	35
GSM1272164	38
GSM1272165	41
GSM1272166	23
GSM1272167	24
GSM1272168	32
GSM1272169	37
GSM1272170	50
GSM1272171	52
GSM1272172	42
GSM1272173	32
GSM1272174	40
GSM1272175	40
GSM1272176	37
GSM1272177	48
GSM1272178	19
GSM1272179	36
GSM1272180	52
GSM1272181	49
GSM1272182	41
GSM1272183	61
GSM1272184	63
GSM1272185	64
GSM1272186	60
GSM1272187	53
GSM1272188	59
GSM1272189	72
GSM1272190	63
GSM1272191	77
GSM1272192	58
GSM1272193	56
GSM1272194	52
GSM1272195	49
GSM1272196	54
GSM1272197	45
GSM1272198	64
GSM1272199	77
GSM1272200	67
GSM1272201	66
GSM1272202	57
GSM1272203	61
GSM1272204	63
GSM1272205	72
GSM1272206	67
GSM1272207	49
GSM1272208	65
